PRAGMA foreign_keys=OFF;
BEGIN TRANSACTION;
CREATE TABLE IF NOT EXISTS "django_migrations" ("id" integer NOT NULL PRIMARY KEY AUTOINCREMENT, "app" varchar(255) NOT NULL, "name" varchar(255) NOT NULL, "applied" datetime NOT NULL);
INSERT INTO django_migrations VALUES(1,'contenttypes','0001_initial','2025-01-07 16:27:51.709832');
INSERT INTO django_migrations VALUES(2,'auth','0001_initial','2025-01-07 16:27:51.728880');
INSERT INTO django_migrations VALUES(6,'contenttypes','0002_remove_content_type_name','2025-01-07 16:27:51.792973');
INSERT INTO django_migrations VALUES(7,'auth','0002_alter_permission_name_max_length','2025-01-07 16:27:51.807215');
INSERT INTO django_migrations VALUES(8,'auth','0003_alter_user_email_max_length','2025-01-07 16:27:51.819291');
INSERT INTO django_migrations VALUES(9,'auth','0004_alter_user_username_opts','2025-01-07 16:27:51.828264');
INSERT INTO django_migrations VALUES(10,'auth','0005_alter_user_last_login_null','2025-01-07 16:27:51.841120');
INSERT INTO django_migrations VALUES(11,'auth','0006_require_contenttypes_0002','2025-01-07 16:27:51.844640');
INSERT INTO django_migrations VALUES(12,'auth','0007_alter_validators_add_error_messages','2025-01-07 16:27:51.853844');
INSERT INTO django_migrations VALUES(13,'auth','0008_alter_user_username_max_length','2025-01-07 16:27:51.866748');
INSERT INTO django_migrations VALUES(14,'auth','0009_alter_user_last_name_max_length','2025-01-07 16:27:51.880368');
INSERT INTO django_migrations VALUES(15,'auth','0010_alter_group_name_max_length','2025-01-07 16:27:51.892627');
INSERT INTO django_migrations VALUES(16,'auth','0011_update_proxy_permissions','2025-01-07 16:27:51.900995');
INSERT INTO django_migrations VALUES(17,'auth','0012_alter_user_first_name_max_length','2025-01-07 16:27:51.923213');
INSERT INTO django_migrations VALUES(18,'investments','0001_initial','2025-01-07 16:27:51.933962');
INSERT INTO django_migrations VALUES(19,'sessions','0001_initial','2025-01-07 16:27:51.942895');
INSERT INTO django_migrations VALUES(20,'investments','0002_rename_principal_amount_investment_amount_invested_and_more','2025-01-07 17:46:59.510002');
INSERT INTO django_migrations VALUES(21,'investments','0003_alter_investment_taxes_paid','2025-01-07 18:03:40.293570');
INSERT INTO django_migrations VALUES(22,'investments','0004_rename_investment_date_investment_date_and_more','2025-01-11 11:39:24.671075');
INSERT INTO django_migrations VALUES(23,'investments','0005_delete_user_alter_investment_amount_and_more','2025-01-11 11:53:22.380328');
INSERT INTO django_migrations VALUES(24,'account','0001_initial','2025-01-13 17:08:25.685229');
INSERT INTO django_migrations VALUES(25,'account','0002_email_max_length','2025-01-13 17:08:25.696568');
INSERT INTO django_migrations VALUES(26,'account','0003_alter_emailaddress_create_unique_verified_email','2025-01-13 17:08:25.709297');
INSERT INTO django_migrations VALUES(27,'account','0004_alter_emailaddress_drop_unique_email','2025-01-13 17:08:25.720959');
INSERT INTO django_migrations VALUES(28,'account','0005_emailaddress_idx_upper_email','2025-01-13 17:08:25.732314');
CREATE TABLE IF NOT EXISTS "auth_group_permissions" ("id" integer NOT NULL PRIMARY KEY AUTOINCREMENT, "group_id" integer NOT NULL REFERENCES "auth_group" ("id") DEFERRABLE INITIALLY DEFERRED, "permission_id" integer NOT NULL REFERENCES "auth_permission" ("id") DEFERRABLE INITIALLY DEFERRED);
CREATE TABLE IF NOT EXISTS "auth_user_groups" ("id" integer NOT NULL PRIMARY KEY AUTOINCREMENT, "user_id" integer NOT NULL REFERENCES "auth_user" ("id") DEFERRABLE INITIALLY DEFERRED, "group_id" integer NOT NULL REFERENCES "auth_group" ("id") DEFERRABLE INITIALLY DEFERRED);
CREATE TABLE IF NOT EXISTS "auth_user_user_permissions" ("id" integer NOT NULL PRIMARY KEY AUTOINCREMENT, "user_id" integer NOT NULL REFERENCES "auth_user" ("id") DEFERRABLE INITIALLY DEFERRED, "permission_id" integer NOT NULL REFERENCES "auth_permission" ("id") DEFERRABLE INITIALLY DEFERRED);
CREATE TABLE IF NOT EXISTS "django_admin_log" ("id" integer NOT NULL PRIMARY KEY AUTOINCREMENT, "object_id" text NULL, "object_repr" varchar(200) NOT NULL, "action_flag" smallint unsigned NOT NULL CHECK ("action_flag" >= 0), "change_message" text NOT NULL, "content_type_id" integer NULL REFERENCES "django_content_type" ("id") DEFERRABLE INITIALLY DEFERRED, "user_id" integer NOT NULL REFERENCES "auth_user" ("id") DEFERRABLE INITIALLY DEFERRED, "action_time" datetime NOT NULL);
CREATE TABLE IF NOT EXISTS "django_content_type" ("id" integer NOT NULL PRIMARY KEY AUTOINCREMENT, "app_label" varchar(100) NOT NULL, "model" varchar(100) NOT NULL);
INSERT INTO django_content_type VALUES(1,'admin','logentry');
INSERT INTO django_content_type VALUES(2,'auth','permission');
INSERT INTO django_content_type VALUES(3,'auth','group');
INSERT INTO django_content_type VALUES(4,'auth','user');
INSERT INTO django_content_type VALUES(5,'contenttypes','contenttype');
INSERT INTO django_content_type VALUES(6,'sessions','session');
INSERT INTO django_content_type VALUES(7,'investments','user');
INSERT INTO django_content_type VALUES(8,'investments','investment');
CREATE TABLE IF NOT EXISTS "auth_permission" ("id" integer NOT NULL PRIMARY KEY AUTOINCREMENT, "content_type_id" integer NOT NULL REFERENCES "django_content_type" ("id") DEFERRABLE INITIALLY DEFERRED, "codename" varchar(100) NOT NULL, "name" varchar(255) NOT NULL);
INSERT INTO auth_permission VALUES(1,1,'add_logentry','Can add log entry');
INSERT INTO auth_permission VALUES(2,1,'change_logentry','Can change log entry');
INSERT INTO auth_permission VALUES(3,1,'delete_logentry','Can delete log entry');
INSERT INTO auth_permission VALUES(4,1,'view_logentry','Can view log entry');
INSERT INTO auth_permission VALUES(5,2,'add_permission','Can add permission');
INSERT INTO auth_permission VALUES(6,2,'change_permission','Can change permission');
INSERT INTO auth_permission VALUES(7,2,'delete_permission','Can delete permission');
INSERT INTO auth_permission VALUES(8,2,'view_permission','Can view permission');
INSERT INTO auth_permission VALUES(9,3,'add_group','Can add group');
INSERT INTO auth_permission VALUES(10,3,'change_group','Can change group');
INSERT INTO auth_permission VALUES(11,3,'delete_group','Can delete group');
INSERT INTO auth_permission VALUES(12,3,'view_group','Can view group');
INSERT INTO auth_permission VALUES(13,4,'add_user','Can add user');
INSERT INTO auth_permission VALUES(14,4,'change_user','Can change user');
INSERT INTO auth_permission VALUES(15,4,'delete_user','Can delete user');
INSERT INTO auth_permission VALUES(16,4,'view_user','Can view user');
INSERT INTO auth_permission VALUES(17,5,'add_contenttype','Can add content type');
INSERT INTO auth_permission VALUES(18,5,'change_contenttype','Can change content type');
INSERT INTO auth_permission VALUES(19,5,'delete_contenttype','Can delete content type');
INSERT INTO auth_permission VALUES(20,5,'view_contenttype','Can view content type');
INSERT INTO auth_permission VALUES(21,6,'add_session','Can add session');
INSERT INTO auth_permission VALUES(22,6,'change_session','Can change session');
INSERT INTO auth_permission VALUES(23,6,'delete_session','Can delete session');
INSERT INTO auth_permission VALUES(24,6,'view_session','Can view session');
INSERT INTO auth_permission VALUES(25,7,'add_user','Can add user');
INSERT INTO auth_permission VALUES(26,7,'change_user','Can change user');
INSERT INTO auth_permission VALUES(27,7,'delete_user','Can delete user');
INSERT INTO auth_permission VALUES(28,7,'view_user','Can view user');
INSERT INTO auth_permission VALUES(29,8,'add_investment','Can add investment');
INSERT INTO auth_permission VALUES(30,8,'change_investment','Can change investment');
INSERT INTO auth_permission VALUES(31,8,'delete_investment','Can delete investment');
INSERT INTO auth_permission VALUES(32,8,'view_investment','Can view investment');
CREATE TABLE IF NOT EXISTS "auth_group" ("id" integer NOT NULL PRIMARY KEY AUTOINCREMENT, "name" varchar(150) NOT NULL UNIQUE);
CREATE TABLE IF NOT EXISTS "auth_user" ("id" integer NOT NULL PRIMARY KEY AUTOINCREMENT, "password" varchar(128) NOT NULL, "last_login" datetime NULL, "is_superuser" bool NOT NULL, "username" varchar(150) NOT NULL UNIQUE, "last_name" varchar(150) NOT NULL, "email" varchar(254) NOT NULL, "is_staff" bool NOT NULL, "is_active" bool NOT NULL, "date_joined" datetime NOT NULL, "first_name" varchar(150) NOT NULL);
CREATE TABLE IF NOT EXISTS "django_session" ("session_key" varchar(40) NOT NULL PRIMARY KEY, "session_data" text NOT NULL, "expire_date" datetime NOT NULL);
CREATE TABLE IF NOT EXISTS "investments_investment" ("id" integer NOT NULL PRIMARY KEY AUTOINCREMENT, "date" date NOT NULL, "amount" decimal NOT NULL, "taxes" decimal NOT NULL, "name" varchar(255) NOT NULL);
INSERT INTO investments_investment VALUES(13,'2025-01-13',1500,250,'Food ');
INSERT INTO investments_investment VALUES(14,'2025-01-29',30000,10,'house');
CREATE TABLE IF NOT EXISTS "account_emailconfirmation" ("id" integer NOT NULL PRIMARY KEY AUTOINCREMENT, "created" datetime NOT NULL, "sent" datetime NULL, "key" varchar(64) NOT NULL UNIQUE, "email_address_id" integer NOT NULL REFERENCES "account_emailaddress" ("id") DEFERRABLE INITIALLY DEFERRED);
CREATE TABLE IF NOT EXISTS "account_emailaddress" ("id" integer NOT NULL PRIMARY KEY AUTOINCREMENT, "verified" bool NOT NULL, "primary" bool NOT NULL, "user_id" bigint NOT NULL REFERENCES "users_user" ("id") DEFERRABLE INITIALLY DEFERRED, "email" varchar(254) NOT NULL);
INSERT INTO sqlite_sequence VALUES('django_migrations',28);
INSERT INTO sqlite_sequence VALUES('django_admin_log',0);
INSERT INTO sqlite_sequence VALUES('django_content_type',8);
INSERT INTO sqlite_sequence VALUES('auth_permission',32);
INSERT INTO sqlite_sequence VALUES('auth_group',0);
INSERT INTO sqlite_sequence VALUES('auth_user',0);
INSERT INTO sqlite_sequence VALUES('investments_investment',15);
INSERT INTO sqlite_sequence VALUES('account_emailaddress',0);
CREATE UNIQUE INDEX "auth_group_permissions_group_id_permission_id_0cd325b0_uniq" ON "auth_group_permissions" ("group_id", "permission_id");
CREATE INDEX "auth_group_permissions_group_id_b120cbf9" ON "auth_group_permissions" ("group_id");
CREATE INDEX "auth_group_permissions_permission_id_84c5c92e" ON "auth_group_permissions" ("permission_id");
CREATE UNIQUE INDEX "auth_user_groups_user_id_group_id_94350c0c_uniq" ON "auth_user_groups" ("user_id", "group_id");
CREATE INDEX "auth_user_groups_user_id_6a12ed8b" ON "auth_user_groups" ("user_id");
CREATE INDEX "auth_user_groups_group_id_97559544" ON "auth_user_groups" ("group_id");
CREATE UNIQUE INDEX "auth_user_user_permissions_user_id_permission_id_14a6b632_uniq" ON "auth_user_user_permissions" ("user_id", "permission_id");
CREATE INDEX "auth_user_user_permissions_user_id_a95ead1b" ON "auth_user_user_permissions" ("user_id");
CREATE INDEX "auth_user_user_permissions_permission_id_1fbb5f2c" ON "auth_user_user_permissions" ("permission_id");
CREATE INDEX "django_admin_log_content_type_id_c4bce8eb" ON "django_admin_log" ("content_type_id");
CREATE INDEX "django_admin_log_user_id_c564eba6" ON "django_admin_log" ("user_id");
CREATE UNIQUE INDEX "django_content_type_app_label_model_76bd3d3b_uniq" ON "django_content_type" ("app_label", "model");
CREATE UNIQUE INDEX "auth_permission_content_type_id_codename_01ab375a_uniq" ON "auth_permission" ("content_type_id", "codename");
CREATE INDEX "auth_permission_content_type_id_2f476e4b" ON "auth_permission" ("content_type_id");
CREATE INDEX "django_session_expire_date_a5c62663" ON "django_session" ("expire_date");
CREATE INDEX "account_emailconfirmation_email_address_id_5b7f8c58" ON "account_emailconfirmation" ("email_address_id");
CREATE UNIQUE INDEX "account_emailaddress_user_id_email_987c8728_uniq" ON "account_emailaddress" ("user_id", "email");
CREATE UNIQUE INDEX "unique_verified_email" ON "account_emailaddress" ("email") WHERE "verified";
CREATE INDEX "account_emailaddress_user_id_2c513194" ON "account_emailaddress" ("user_id");
CREATE INDEX "account_emailaddress_upper" ON "account_emailaddress" ((UPPER("email")));
COMMIT;
